<?xml version="1.0" ?>
<trudoustroistva>
	<trudoustroistvo>
		<id>1</id>
		<id_fiz>1</id_fiz>
		<id_ur>1</id_ur>
		<job>Cleaner</job>
		<type>Hired</type>
		<data>2023-16-09</data>
	</trudoustroistvo>
	<trudoustroistvo>
		<id>2</id>
		<id_fiz>2</id_fiz>
		<id_ur>2</id_ur>
		<job>Worker</job>
		<type>Fired</type>
		<data>2021-15-09</data>
	</trudoustroistvo>
	<trudoustroistvo>
		<id>3</id>
		<id_fiz>1</id_fiz>
		<id_ur>3</id_ur>
		<job>Cleaner</job>
		<type>Fired</type>
		<data>2023-14-10</data>
	</trudoustroistvo>
	<trudoustroistvo>
		<id>4</id>
		<id_fiz>11</id_fiz>
		<id_ur>1234</id_ur>
		<job>Worker</job>
		<type>Hired</type>
		<data>2000-11-22</data>
	</trudoustroistvo>
	<trudoustroistvo>
		<id>5</id>
		<id_fiz>1</id_fiz>
		<id_ur>1</id_ur>
		<job>Cleaner</job>
		<type>Hired</type>
		<data>2023-16-09</data>
	</trudoustroistvo>
	<trudoustroistvo>
		<id>6</id>
		<id_fiz>2</id_fiz>
		<id_ur>2</id_ur>
		<job>Worker</job>
		<type>Fired</type>
		<data>2021-15-09</data>
	</trudoustroistvo>
	<trudoustroistvo>
		<id>7</id>
		<id_fiz>1</id_fiz>
		<id_ur>3</id_ur>
		<job>Cleaner</job>
		<type>Fired</type>
		<data>2023-14-10</data>
	</trudoustroistvo>
</trudoustroistva>
