<?xml version="1.0" ?>
<ur_lica>
	<ur_lico>
		<id>1</id>
		<name>IT_Tech</name>
		<place>Russia</place>
		<inn>2345678</inn>
	</ur_lico>
	<ur_lico>
		<id>2</id>
		<name>KubSU</name>
		<place>Russia</place>
		<inn>2334444</inn>
	</ur_lico>
	<ur_lico>
		<id>3</id>
		<name>Pole_Chudes</name>
		<place>Germany</place>
		<inn>2555555</inn>
	</ur_lico>
	<ur_lico>
		<id>4</id>
		<name>IT_Tech</name>
		<place>Russia</place>
		<inn>2345678</inn>
	</ur_lico>
	<ur_lico>
		<id>5</id>
		<name>KubSU</name>
		<place>Russia</place>
		<inn>2334444</inn>
	</ur_lico>
	<ur_lico>
		<id>6</id>
		<name>Pole_Chudes</name>
		<place>Germany</place>
		<inn>2555555</inn>
	</ur_lico>
</ur_lica>
